"name","surname","address","email","phone","dep"
"Uriah","Burris","558-855 Non St.","u.burris@mail.com",152037302,214
"Harding","Lee","764-3508 Aliquet. Street","h.lee@mail.com",152582047,162
"Hadassah","Maldonado","P.O. Box 749, 4638 Mus. Rd.","h.maldonado@mail.com",159473468,188
"Maxwell","Wong","948-4336 Mauris Road","m.wong@mail.com",159763890,4
"MacKenzie","Palmer","Ap #598-5341 Montes, St.","m.palmer@mail.com",155095358,39
"Jillian","Benton","582-2040 Congue Ave","j.benton@mail.com",157120616,217
"Rae","Talley","3383 Ut Ave","r.talley@mail.com",157180553,29
"Demetria","Trevino","Ap #934-2931 Malesuada. Rd.","d.trevino@mail.com",153499976,192
"Ralph","Johnston","Ap #499-4333 Magnis Avenue","r.johnston@mail.com",157766157,293
"Mollie","Delacruz","P.O. Box 700, 5881 In Avenue","m.delacruz@mail.com",155955900,347
"Lynn","Dickerson","P.O. Box 450, 2756 Nulla Road","l.dickerson@mail.com",158118437,273
"Ora","Frazier","480-6279 Lorem Rd.","o.frazier@mail.com",155220624,459
"Zoe","Shelton","Ap #516-8330 Phasellus Ave","z.shelton@mail.com",154194230,520
"Daquan","Myers","P.O. Box 985, 8198 Lobortis Ave","d.myers@mail.com",150930268,408
"Orlando","Vang","Ap #377-1282 Sit Av.","o.vang@mail.com",153313471,349
"Mara","Nelson","P.O. Box 464, 9817 Ut, St.","m.nelson@mail.com",159889971,485
"Phyllis","Duncan","Ap #445-1044 Dolor St.","p.duncan@mail.com",159606773,483
"Irma","Britt","Ap #740-6555 Molestie St.","i.britt@mail.com",153001260,390
"Mikayla","Rasmussen","209-2208 Est. St.","m.rasmussen@mail.com",152709599,407
"Cheryl","Riley","430-983 Magnis Avenue","c.riley@mail.com",158400307,436
"Gloria","Morton","Ap #827-1996 Ac, Street","g.morton@mail.com",156217291,174
"Galena","Spence","3415 Sed Rd.","g.spence@mail.com",157490465,216
"Lester","Gutierrez","106-8711 At Street","l.gutierrez@mail.com",157595415,134
"Camilla","Webb","P.O. Box 863, 6635 Venenatis St.","c.webb@mail.com",157549506,229
"Phillip","Oconnor","136-7170 Ornare. Av.","p.oconnor@mail.com",151506737,78
"Fulton","Knox","193-9349 Tempus Rd.","f.knox@mail.com",157529154,31
"Beverly","Mcneil","1491 Elit. Av.","b.mcneil@mail.com",154069594,3
"Amaya","Daugherty","P.O. Box 198, 9165 Lorem, Avenue","a.daugherty@mail.com",159770338,438
"Lillith","Stephenson","383-9857 Accumsan Av.","l.stephenson@mail.com",154775874,403
"Stephanie","Robinson","P.O. Box 561, 110 Nisl Rd.","s.robinson@mail.com",155353973,98
"Cadman","Moran","P.O. Box 563, 756 Lorem, Ave","c.moran@mail.com",158235824,287
"Tanner","Lynch","Ap #193-1227 Justo. St.","t.lynch@mail.com",156058519,354
"Vera","Smith","Ap #510-7081 Vulputate, Rd.","v.smith@mail.com",155596605,459
"Lydia","Goff","118-5271 Pretium Av.","l.goff@mail.com",152287668,15
"Germaine","Mccray","Ap #626-1337 Urna Street","g.mccray@mail.com",150314933,43
"Regina","Wood","P.O. Box 213, 3923 Non Rd.","r.wood@mail.com",153849633,457
"Jolie","Levine","Ap #488-1783 Diam. Rd.","j.levine@mail.com",154575488,472
"Dolan","Farrell","Ap #937-985 Ridiculus Street","d.farrell@mail.com",153852063,426
"Dustin","Abbott","7579 Ultricies St.","d.abbott@mail.com",151823780,85
"Orlando","Pearson","Ap #270-1269 Vivamus Ave","o.pearson@mail.com",159802808,474
"Mira","Castillo","P.O. Box 953, 707 Vitae Ave","m.castillo@mail.com",151493068,165
"Wynter","Bowen","Ap #606-1043 Nibh. Av.","w.bowen@mail.com",156083280,313
"Nelle","Baxter","9354 At Rd.","n.baxter@mail.com",155239938,333
"Cynthia","Hardy","Ap #261-697 Volutpat Rd.","c.hardy@mail.com",152547964,382
"Olga","Blanchard","514-5746 Metus Av.","o.blanchard@mail.com",150355023,504
"Otto","Bowers","Ap #348-6117 Sed Street","o.bowers@mail.com",155827303,81
"Andrew","Hammond","6783 Porttitor Av.","a.hammond@mail.com",157808504,496
"Kendall","Hooper","185-4904 Dolor Street","k.hooper@mail.com",157674409,497
"Richard","Paul","P.O. Box 661, 5251 Fusce Street","r.paul@mail.com",158897669,119
"Mechelle","Schroeder","Ap #159-7229 Fusce Rd.","m.schroeder@mail.com",152414237,40
"Brody","Compton","P.O. Box 167, 8034 Maecenas St.","b.compton@mail.com",154028886,362
"Jordan","Roach","908-6070 Sodales Street","j.roach@mail.com",158852149,44
"Palmer","Cobb","P.O. Box 592, 1041 Ligula Av.","p.cobb@mail.com",154860070,122
"Cheyenne","Thompson","4935 Facilisis Av.","c.thompson@mail.com",155131201,127
"Leroy","Neal","291-2997 Nullam Rd.","l.neal@mail.com",151264590,237
"Deborah","Wilkinson","963-6063 Diam St.","d.wilkinson@mail.com",155483699,89
"Nayda","Williams","Ap #864-8692 Metus Rd.","n.williams@mail.com",155110614,483
"Constance","Harrell","476 Ut, Ave","c.harrell@mail.com",153872384,1
"Gay","Kemp","818-5476 Mi Rd.","g.kemp@mail.com",150475519,439
"Katell","Bowen","P.O. Box 220, 7348 Orci, St.","k.bowen@mail.com",156577792,31
"Ingrid","Kline","P.O. Box 398, 4980 Ante Rd.","i.kline@mail.com",150606601,83
"Caleb","Simmons","Ap #713-3950 Pellentesque, St.","c.simmons@mail.com",159538097,260
"Nomlanga","Colon","2983 Scelerisque Av.","n.colon@mail.com",156142943,305
"Quyn","Barry","Ap #570-2382 Massa. Street","q.barry@mail.com",156541014,416
"Hasad","Vargas","P.O. Box 591, 1043 Est, Rd.","h.vargas@mail.com",159450968,483
"Rose","Bowen","P.O. Box 228, 8141 Libero Rd.","r.bowen@mail.com",159772128,287
"Kimberley","Bonner","Ap #469-5385 Molestie Rd.","k.bonner@mail.com",156389897,445
"Jolie","Peterson","Ap #574-2240 Praesent Street","j.peterson@mail.com",156786094,72
"Germane","Moss","P.O. Box 471, 9471 Non Rd.","g.moss@mail.com",153666124,339
"Colton","Evans","P.O. Box 187, 6664 Orci Road","c.evans@mail.com",155681000,40
"Drew","Dalton","P.O. Box 761, 4960 Et, Street","d.dalton@mail.com",158515487,310
"Jolene","Parrish","P.O. Box 726, 9405 Molestie Avenue","j.parrish@mail.com",157089571,172
"Isaiah","Baker","Ap #733-847 Orci. Ave","i.baker@mail.com",159346732,185
"Dolan","Frazier","Ap #370-6590 Quisque St.","d.frazier@mail.com",155104042,356
"Fletcher","Terrell","P.O. Box 827, 2321 At St.","f.terrell@mail.com",158658245,139
"Bryar","Carver","P.O. Box 621, 7986 Integer Road","b.carver@mail.com",152358411,428
"Delilah","Calhoun","Ap #994-805 A, Rd.","d.calhoun@mail.com",152026590,465
"Derek","Perry","215-6543 Ornare. St.","d.perry@mail.com",152826181,217
"Brenden","Lott","Ap #747-2472 Ut Ave","b.lott@mail.com",150615505,157
"Paul","Shaw","P.O. Box 549, 2857 Et Rd.","p.shaw@mail.com",159740009,134
"Brianna","Booker","P.O. Box 151, 8654 Nunc Ave","b.booker@mail.com",154828068,2
"Leo","Sanford","P.O. Box 826, 6084 Cras Ave","l.sanford@mail.com",158480661,50
"Arthur","House","471-2044 Elit St.","a.house@mail.com",156192376,167
"Ulla","Bernard","266-2137 Dui. Road","u.bernard@mail.com",153932757,292
"Ezekiel","Holman","323-8240 Duis Rd.","e.holman@mail.com",155471827,482
"Blaine","Carrillo","P.O. Box 735, 3248 Eu Ave","b.carrillo@mail.com",157158739,373
"Buckminster","Castaneda","783-6716 Maecenas Av.","b.castaneda@mail.com",157985605,49
"Kato","Valdez","P.O. Box 253, 9094 Vulputate, Ave","k.valdez@mail.com",159067120,40
"Gareth","Langley","Ap #434-5104 Tincidunt St.","g.langley@mail.com",154277361,410
"Quyn","Vang","285-9513 Aliquam Rd.","q.vang@mail.com",155212822,128
"Raven","Burke","9880 Quis Avenue","r.burke@mail.com",159139645,340
"Britanni","Noel","352-1429 Justo Ave","b.noel@mail.com",158331650,162
"Josephine","Hancock","Ap #340-599 Ornare, Road","j.hancock@mail.com",151217198,155
"Fitzgerald","Underwood","P.O. Box 414, 2320 Facilisis. Rd.","f.underwood@mail.com",151333185,170
"Calista","Finch","P.O. Box 217, 7037 Velit St.","c.finch@mail.com",159150515,107
"Phillip","Hensley","Ap #945-7716 Aliquam Rd.","p.hensley@mail.com",153645837,505
"Martin","Pace","P.O. Box 272, 5742 Parturient Road","m.pace@mail.com",156493025,345
"Tallulah","Morrow","Ap #594-171 Amet, Rd.","t.morrow@mail.com",150858578,142
"Holmes","Olsen","P.O. Box 902, 5453 Ipsum Ave","h.olsen@mail.com",153855397,392
"Shaeleigh","Marsh","451-3325 Dolor Ave","s.marsh@mail.com",157435154,177
